area_name,d1,d2,d3,d4,d5
อ่างขาง,5.142857142857143,10.285714285714286,15.42857142857143,20.571428571428573,25.714285714285715
แม่กำปอง,0.6666666666666666,1.3333333333333333,2.0,2.6666666666666665,3.333333333333333
ม่อนแจ่ม,0.0,0.0,0.0,0.0,0.0
ดอยสุเทพ,0.0,0.0,0.0,0.0,0.0
ขุนกลาง,0.0,0.0,0.0,0.0,0.0
