area_name,rain_1d,rain_5d,landslide_risk
อ่างขาง,5.142857142857143,25.714285714285715,0.73592645
แม่กำปอง,0.6666666666666666,3.333333333333333,0.0
ม่อนแจ่ม,0.0,0.0,0.0
ดอยสุเทพ,0.0,0.0,0.0
ขุนกลาง,0.0,0.0,0.0
