area_name,rain_1d,rain_5d,landslide_risk
อ่างขาง,0.1428571428571428,0.9999999999999996,0.0
แม่กำปอง,2.6666666666666665,18.666666666666664,0.0
ม่อนแจ่ม,7.0,49.0,0.0
ดอยสุเทพ,2.0,14.0,0.0
ขุนกลาง,2.15,15.05,0.0
